question,Muhammed,Zineb
only1,x,x
onlya,x,x
onlyb,x,x
onlyf,x,x
onlyz,x,x
checknumber,x,x
countalpha,x,x
countcharacter,x,x
printif,x,x
printifnot,,
rectperimeter,,
retainfirsthalf,,
cameltosnakecase,x,x
countrepeats,,
digitlen,,
firstword,,x
fishandchips,,
gcd,,x
hashcode,,
lastword,x,x
longestword,,
repeatalpha,,x
searchreplace,,
wordanatomy,,
cleanstr,,
expandstr,,
findprevprime,,
fromto,,
iscapitalized,,
itoa,,
passwordentropy,,
printmemory,,
printrevcomb,,
thirdtimeisacharm,,
weareunique,,x
zipstring,,x
addprimesum,,
canjump,,
chunk,,
concatalternate,,
concatslice,,
fprime,,
hiddenp,,
inter,,
reversestrcap,,
saveandmiss,,
union,,
wdmatch,,
fifthandskip,,
notdecimal,,
revconcatalternate,,
slice,,
findpairs,,
revwstr,,
rostring,,
wordflip,,
itoabase,,
options,,
piglatin,,
romannumbers,,
brackets,,
rpncalc,,
brainfuck,,
grouping,,